timestamp,roll,pitch,yaw,altitude,lat,lng
1746298796.4906964,0.037436045706272125,0.01489799190312624,-3.039116621017456,-0.19999998807907104,0,0
1746298796.783146,0.03739722818136215,0.014897084794938564,-3.0392496585845947,-0.19999998807907104,0,0
1746298796.9610033,0.03738483414053917,0.014856643974781036,-3.0392818450927734,-0.19999998807907104,0,0
1746298797.1245556,0.03737495094537735,0.014873139560222626,-3.0393083095550537,-0.19999998807907104,0,0
1746298797.3242488,0.03735200688242912,0.014900801703333855,-3.0392987728118896,-0.19999998807907104,0,0
1746298797.4985607,0.03727545589208603,0.014904546551406384,-3.0393483638763428,-0.19999998807907104,0,0
1746298797.6741297,0.03721550852060318,0.01490035466849804,-3.039371967315674,-0.19999998807907104,0,0
1746298797.8563628,0.03716457635164261,0.014920261688530445,-3.039354085922241,-0.19999998807907104,0,0
1746298798.0478892,0.037121184170246124,0.01486783567816019,-3.0394113063812256,-0.19999998807907104,0,0
1746298798.2275467,0.03709295019507408,0.014776095747947693,-3.0394532680511475,-0.19999998807907104,0,0
1746298798.400207,0.03707175701856613,0.014683051966130733,-3.0394861698150635,-0.19999998807907104,0,0
1746298798.5755253,0.037063825875520706,0.014646738767623901,-3.0394680500030518,-0.19999998807907104,0,0
1746298798.7562006,0.03709356114268303,0.01460559293627739,-3.0395262241363525,-0.19999998807907104,0,0
1746298798.9314706,0.037191011011600494,0.014587625861167908,-3.039520502090454,-0.19999998807907104,0,0
1746298799.1082716,0.03809456154704094,0.014228244312107563,-3.0478224754333496,-0.19999998807907104,0,0
1746298799.2851715,0.03810834884643555,0.014310864731669426,-3.0480027198791504,-0.19999998807907104,0,0
1746298799.4651048,0.037997595965862274,0.014309112913906574,-3.048104763031006,-0.19999998807907104,0,0
1746298799.6279624,0.03769909590482712,0.01422377023845911,-3.0487194061279297,-0.19999998807907104,0,0
1746298799.7979512,0.03773440048098564,0.014276523143053055,-3.04886531829834,-0.1899999976158142,0,0
1746298799.9602787,0.03772784397006035,0.014253373257815838,-3.048980712890625,-0.19999998807907104,0,0
1746298800.1423419,0.03784320876002312,0.014374248683452606,-3.049440383911133,-0.1899999976158142,0,0
1746298800.316662,0.03777353838086128,0.01443934440612793,-3.049553632736206,-0.19999998807907104,0,0
1746298800.5021262,0.03776797279715538,0.014445416629314423,-3.049680471420288,-0.19999998807907104,0,0
1746298800.6773524,0.037827324122190475,0.014506591483950615,-3.0498456954956055,-0.19999998807907104,0,0
1746298800.8441575,0.037814635783433914,0.014554651454091072,-3.0500030517578125,-0.19999998807907104,0,0
1746298801.0218945,0.03782619908452034,0.014613155275583267,-3.0501434803009033,-0.19999998807907104,0,0
1746298801.1854894,0.03780011087656021,0.014618122018873692,-3.050250291824341,-0.19999998807907104,0,0
1746298801.3697002,0.03776758536696434,0.014560509473085403,-3.050320625305176,-0.19999998807907104,0,0
1746298801.53525,0.03776903077960014,0.014527426101267338,-3.050417900085449,-0.19999998807907104,0,0
1746298801.7103958,0.03782980516552925,0.014525355771183968,-3.050537109375,-0.19999998807907104,0,0
1746298801.890276,0.03790067508816719,0.01445898599922657,-3.0507187843322754,-0.19999998807907104,0,0
1746298802.0526812,0.03792253136634827,0.014393039979040623,-3.0508737564086914,-0.19999998807907104,0,0
1746298802.21823,0.037875354290008545,0.014381001703441143,-3.051192283630371,-0.1899999976158142,0,0
1746298802.392991,0.03786986693739891,0.014358802698552608,-3.0512959957122803,-0.19999998807907104,0,0
1746298802.572215,0.03789384663105011,0.014362565241754055,-3.0514438152313232,-0.19999998807907104,0,0
1746298802.7452953,0.038020361214876175,0.014496407471597195,-3.0523149967193604,-0.19999998807907104,0,0
1746298802.9292777,0.03803657367825508,0.014510802924633026,-3.052548885345459,-0.19999998807907104,0,0
1746298803.1129525,0.03797980397939682,0.014459473080933094,-3.052701950073242,-0.19999998807907104,0,0
1746298803.2862086,0.03814093396067619,0.014761450700461864,-3.053703546524048,-0.19999998807907104,0,0
1746298803.4541395,0.0381816066801548,0.014801910147070885,-3.053933620452881,-0.19999998807907104,0,0
1746298803.6043582,0.038061223924160004,0.014745613560080528,-3.054170608520508,-0.1899999976158142,0,0
1746298803.7994857,0.03805272653698921,0.014724320732057095,-3.0545830726623535,-0.19999998807907104,0,0
1746298803.9805942,0.03796132281422615,0.014714526943862438,-3.0547516345977783,-0.19999998807907104,0,0
1746298804.1419148,0.03791115805506706,0.014721518382430077,-3.0549521446228027,-0.19999998807907104,0,0
1746298804.3295653,0.0375341922044754,0.014659322798252106,-3.055750608444214,-0.19999998807907104,0,0
1746298804.5030346,0.037545498460531235,0.014578640460968018,-3.0559310913085938,-0.19999998807907104,0,0
1746298804.663362,0.03757971152663231,0.014546601101756096,-3.0560717582702637,-0.19999998807907104,0,0
1746298804.824726,0.03762846440076828,0.014578045345842838,-3.0561938285827637,-0.19999998807907104,0,0
1746298804.990097,0.03760910779237747,0.014661512337625027,-3.0564937591552734,-0.19999998807907104,0,0
1746298805.1763446,0.037519343197345734,0.014688702300190926,-3.0566611289978027,-0.19999998807907104,0,0
1746298805.3620448,0.03751762956380844,0.014796067960560322,-3.0568268299102783,-0.1899999976158142,0,0
1746298805.5295522,0.037565622478723526,0.014873337931931019,-3.0570075511932373,-0.19999998807907104,0,0
1746298805.7066517,0.03771981596946716,0.014873677864670753,-3.0575408935546875,-0.19999998807907104,0,0
1746298805.8766906,0.03772222250699997,0.014902489259839058,-3.0577824115753174,-0.19999998807907104,0,0
1746298806.0490959,0.03772098198533058,0.014932949095964432,-3.0579307079315186,-0.19999998807907104,0,0
1746298806.2161894,0.037764549255371094,0.014943883754312992,-3.058056116104126,-0.19999998807907104,0,0
1746298806.4015186,0.037845902144908905,0.014932193793356419,-3.0583202838897705,-0.19999998807907104,0,0
1746298806.5598323,0.037910960614681244,0.01487262174487114,-3.0584704875946045,-0.19999998807907104,0,0
1746298806.743437,0.03790072724223137,0.014819924719631672,-3.058643341064453,-0.19999998807907104,0,0
1746298806.9143422,0.03787960857152939,0.014749058522284031,-3.0588598251342773,-0.19999998807907104,0,0
1746298807.069963,0.03796980530023575,0.014893479645252228,-3.0594983100891113,-0.19999998807907104,0,0
1746298807.2459,0.03795483708381653,0.014886482618749142,-3.059705972671509,-0.19999998807907104,0,0
1746298807.4262583,0.03800496831536293,0.014848632737994194,-3.0598998069763184,-0.19999998807907104,0,0
1746298807.6010275,0.03809262812137604,0.014575553126633167,-3.060964345932007,-0.19999998807907104,0,0
1746298807.778539,0.03811570256948471,0.014493323862552643,-3.0610992908477783,-0.19999998807907104,0,0
1746298807.9595616,0.038142189383506775,0.014440380968153477,-3.0612528324127197,-0.19999998807907104,0,0
1746298808.12895,0.038260750472545624,0.014324740506708622,-3.062162399291992,-0.19999998807907104,0,0
1746298808.3092942,0.03817478194832802,0.014391889795660973,-3.062426805496216,-0.19999998807907104,0,0
1746298808.4910462,0.038162268698215485,0.014417732134461403,-3.0626578330993652,-0.19999998807907104,0,0
1746298808.6732655,0.03773142024874687,0.014637190848588943,-3.063248634338379,-0.19999998807907104,0,0
1746298808.8367498,0.037734925746917725,0.014647810719907284,-3.0634052753448486,-0.19999998807907104,0,0
1746298809.0081584,0.037746988236904144,0.014705486595630646,-3.0635502338409424,-0.19999998807907104,0,0
1746298809.1895654,0.0376918651163578,0.014740867540240288,-3.0640618801116943,-0.19999998807907104,0,0
1746298809.3571057,0.03778325021266937,0.014738807454705238,-3.064162254333496,-0.19999998807907104,0,0
1746298809.521496,0.03786551207304001,0.014742962084710598,-3.0642549991607666,-0.19999998807907104,0,0
1746298809.7035022,0.03795648738741875,0.014661239460110664,-3.0647237300872803,-0.19999998807907104,0,0
1746298809.872858,0.03802052140235901,0.014719919301569462,-3.0649912357330322,-0.19999998807907104,0,0
1746298810.0494199,0.03808656707406044,0.01467944961041212,-3.065187454223633,-0.19999998807907104,0,0
1746298810.2225447,0.0382423959672451,0.014706458896398544,-3.06583309173584,-0.19999998807907104,0,0
1746298810.4023614,0.03825424239039421,0.014722286723554134,-3.0659425258636475,-0.19999998807907104,0,0
1746298810.5602033,0.038230977952480316,0.014687217772006989,-3.0661113262176514,-0.19999998807907104,0,0
1746298810.735985,0.038088906556367874,0.014485768973827362,-3.06666898727417,-0.19999998807907104,0,0
1746298810.9159575,0.038165658712387085,0.014504915103316307,-3.0668530464172363,-0.19999998807907104,0,0
1746298811.0877833,0.03818950429558754,0.014520044438540936,-3.0670180320739746,-0.19999998807907104,0,0
1746298811.259669,0.03811110928654671,0.01433499250560999,-3.0673604011535645,-0.19999998807907104,0,0
1746298811.41574,0.038111213594675064,0.014311152510344982,-3.0674831867218018,-0.19999998807907104,0,0
1746298811.5966818,0.03822769224643707,0.014325645752251148,-3.0676615238189697,-0.19999998807907104,0,0
1746298811.7744753,0.03837690129876137,0.014438088051974773,-3.06831431388855,-0.19999998807907104,0,0
1746298811.9466467,0.03832611069083214,0.01439257524907589,-3.068448781967163,-0.19999998807907104,0,0
1746298812.1019886,0.03833271190524101,0.014414561912417412,-3.0685651302337646,-0.19999998807907104,0,0
1746298812.2673922,0.03843086212873459,0.014383479952812195,-3.068866491317749,-0.19999998807907104,0,0
1746298812.425014,0.03840598464012146,0.014394625090062618,-3.068953514099121,-0.19999998807907104,0,0
1746298812.6027873,0.038373738527297974,0.014373501762747765,-3.0690524578094482,-0.19999998807907104,0,0
1746298812.784674,0.0383116714656353,0.014273270964622498,-3.0692050457000732,-0.19999998807907104,0,0
1746298812.9754486,0.038234032690525055,0.01424181368201971,-3.069446563720703,-0.19999998807907104,0,0
1746298813.123808,0.038206931203603745,0.014272017404437065,-3.0696728229522705,-0.19999998807907104,0,0
1746298813.2996902,0.03820440173149109,0.014273444190621376,-3.0697977542877197,-0.19999998807907104,0,0
1746298813.4745471,0.0381796658039093,0.014268257655203342,-3.0699045658111572,-0.19999998807907104,0,0
1746298813.639105,0.03824789822101593,0.014277847483754158,-3.0700249671936035,-0.19999998807907104,0,0
1746298813.8101447,0.03830740973353386,0.014303114265203476,-3.0704734325408936,-0.19999998807907104,0,0
1746298813.9985225,0.038336411118507385,0.014314062893390656,-3.070640802383423,-0.19999998807907104,0,0
1746298814.192588,0.038380056619644165,0.014316285029053688,-3.070831537246704,-0.19999998807907104,0,0
1746298814.3718264,0.038367316126823425,0.01436382532119751,-3.0710153579711914,-0.19999998807907104,0,0
1746298814.5721228,0.03819921612739563,0.0144028440117836,-3.071302890777588,-0.19999998807907104,0,0
1746298814.7529972,0.03811744600534439,0.014400169253349304,-3.0714235305786133,-0.19999998807907104,0,0
1746298814.9174144,0.038118861615657806,0.01440474484115839,-3.071550130844116,-0.19999998807907104,0,0
1746298815.0864036,0.03814290836453438,0.014425419270992279,-3.071657180786133,-0.20999999344348907,0,0
1746298815.2769241,0.03816679120063782,0.014326231554150581,-3.0723347663879395,-0.19999998807907104,0,0
1746298815.46576,0.038217250257730484,0.014263118617236614,-3.0724406242370605,-0.19999998807907104,0,0
1746298815.6736655,0.03819117695093155,0.014230502769351006,-3.0725417137145996,-0.19999998807907104,0,0
1746298815.8412223,0.03818552568554878,0.014293490909039974,-3.0731542110443115,-0.19999998807907104,0,0
1746298816.0112603,0.03816528990864754,0.014337804168462753,-3.073309898376465,-0.19999998807907104,0,0
1746298816.194551,0.03813149407505989,0.014268958009779453,-3.073481321334839,-0.19999998807907104,0,0
1746298816.3799481,0.03810593858361244,0.01422182284295559,-3.073662757873535,-0.19999998807907104,0,0
1746298816.5538208,0.03827671334147453,0.014190890826284885,-3.07442045211792,-0.19999998807907104,0,0
1746298816.7406907,0.03827899321913719,0.014183693565428257,-3.0745646953582764,-0.19999998807907104,0,0
1746298816.9178934,0.038267333060503006,0.014163151383399963,-3.07472562789917,-0.19999998807907104,0,0
1746298817.095725,0.03827759996056557,0.014171987771987915,-3.0753211975097656,-0.19999998807907104,0,0
1746298817.2756155,0.038321010768413544,0.014161897823214531,-3.0753822326660156,-0.19999998807907104,0,0
1746298817.4500554,0.03838011249899864,0.014170740731060505,-3.075505018234253,-0.19999998807907104,0,0
1746298817.6079013,0.038484152406454086,0.014150358736515045,-3.075601100921631,-0.19999998807907104,0,0
1746298817.7812362,0.03875851258635521,0.01422715000808239,-3.076061964035034,-0.19999998807907104,0,0
1746298817.9563718,0.03874719887971878,0.014172730967402458,-3.0761404037475586,-0.1899999976158142,0,0
1746298818.131588,0.03874361142516136,0.014146682806313038,-3.0762248039245605,-0.19999998807907104,0,0
1746298818.2989314,0.03873123228549957,0.014132495038211346,-3.076956272125244,-0.19999998807907104,0,0
1746298818.4665084,0.038664136081933975,0.014098563231527805,-3.0772228240966797,-0.19999998807907104,0,0
1746298818.6298833,0.03871797397732735,0.01409286167472601,-3.077404499053955,-0.19999998807907104,0,0
1746298818.7907815,0.03880615532398224,0.014018464833498001,-3.077737808227539,-0.19999998807907104,0,0
1746298818.9741476,0.03870774433016777,0.013991473242640495,-3.0777981281280518,-0.19999998807907104,0,0
1746298819.1561506,0.03868727385997772,0.013982994481921196,-3.0778682231903076,-0.19999998807907104,0,0
1746298819.3406014,0.0387130081653595,0.013917333446443081,-3.0786561965942383,-0.19999998807907104,0,0
1746298819.5102367,0.03865429759025574,0.013989939354360104,-3.07877254486084,-0.1899999976158142,0,0
1746298819.6912053,0.038552381098270416,0.014018762856721878,-3.078902244567871,-0.19999998807907104,0,0
1746298819.8625891,0.038430940359830856,0.014031109400093555,-3.0789995193481445,-0.19999998807907104,0,0
1746298820.0291371,0.038273751735687256,0.014059617184102535,-3.0792088508605957,-0.19999998807907104,0,0
1746298820.2151258,0.03820275515317917,0.014074343256652355,-3.0793657302856445,-0.19999998807907104,0,0
1746298820.3988464,0.038143910467624664,0.014087991788983345,-3.0795376300811768,-0.19999998807907104,0,0
1746298820.5514195,0.038134463131427765,0.014078119769692421,-3.079735517501831,-0.1899999976158142,0,0
1746298820.7168634,0.0381612554192543,0.014138821512460709,-3.079953670501709,-0.19999998807907104,0,0
1746298820.8867443,0.03815943002700806,0.014221209101378918,-3.0800375938415527,-0.19999998807907104,0,0
1746298821.0596497,0.03813832625746727,0.014201751910150051,-3.08012318611145,-0.19999998807907104,0,0
1746298821.2379668,0.03811215981841087,0.014176029711961746,-3.0802249908447266,-0.19999998807907104,0,0
1746298821.420189,0.03777499496936798,0.014091923832893372,-3.0806591510772705,-0.19999998807907104,0,0
1746298821.5903502,0.03767960146069527,0.01406734436750412,-3.0808463096618652,-0.19999998807907104,0,0
1746298821.7682414,0.037742264568805695,0.01403859630227089,-3.081023693084717,-0.19999998807907104,0,0
1746298821.9334788,0.0377640426158905,0.013962038792669773,-3.081364870071411,-0.19999998807907104,0,0
1746298822.1065063,0.03767072781920433,0.013972572050988674,-3.0814497470855713,-0.19999998807907104,0,0
1746298822.2856903,0.037622418254613876,0.013991215266287327,-3.081538200378418,-0.19999998807907104,0,0
1746298822.4732614,0.03785010427236557,0.014093855395913124,-3.0820794105529785,-0.19999998807907104,0,0
1746298822.6341941,0.03788099065423012,0.014141298830509186,-3.082179307937622,-0.19999998807907104,0,0
1746298822.8099093,0.03789251297712326,0.014188640750944614,-3.08231520652771,-0.19999998807907104,0,0
1746298822.9723394,0.0379936583340168,0.01421118900179863,-3.082923412322998,-0.19999998807907104,0,0
1746298823.1604834,0.037972670048475266,0.014227725565433502,-3.083035469055176,-0.19999998807907104,0,0
1746298823.3301373,0.03791581466794014,0.01416704896837473,-3.08314847946167,-0.1899999976158142,0,0
1746298823.5015216,0.03790482133626938,0.014085208997130394,-3.0834553241729736,-0.19999998807907104,0,0
1746298823.6721265,0.03795602172613144,0.014092869125306606,-3.0836050510406494,-0.19999998807907104,0,0
1746298823.8435626,0.037990503013134,0.014082361944019794,-3.0836939811706543,-0.19999998807907104,0,0
1746298824.0121875,0.03789786621928215,0.014029178768396378,-3.0841262340545654,-0.19999998807907104,0,0
1746298824.193676,0.037915050983428955,0.013978639617562294,-3.0841517448425293,-0.19999998807907104,0,0
1746298824.3608065,0.038036465644836426,0.0139524070546031,-3.084167718887329,-0.19999998807907104,0,0
1746298824.5340402,0.03812281787395477,0.013965892605483532,-3.084376335144043,-0.19999998807907104,0,0
1746298824.7038996,0.038191914558410645,0.014029650017619133,-3.084529399871826,-0.19999998807907104,0,0
1746298824.8856714,0.03818909451365471,0.014017618261277676,-3.0846407413482666,-0.19999998807907104,0,0
1746298825.055663,0.03812403604388237,0.014041666872799397,-3.0850021839141846,-0.19999998807907104,0,0
1746298825.2382648,0.03817656263709068,0.014090145006775856,-3.085042715072632,-0.19999998807907104,0,0
1746298825.4289343,0.038341376930475235,0.014020581729710102,-3.0851049423217773,-0.19999998807907104,0,0
1746298825.603101,0.03839800879359245,0.014101434499025345,-3.0853703022003174,-0.19999998807907104,0,0
1746298825.781088,0.03839223086833954,0.013998276554048061,-3.085543155670166,-0.19999998807907104,0,0
1746298825.9473648,0.03840647265315056,0.013898476026952267,-3.0856571197509766,-0.19999998807907104,0,0
1746298826.138207,0.038322821259498596,0.013797849416732788,-3.0860347747802734,-0.19999998807907104,0,0
1746298826.3251047,0.038328006863594055,0.013779893517494202,-3.0861592292785645,-0.19999998807907104,0,0
1746298826.5072029,0.038286324590444565,0.01373288780450821,-3.0862247943878174,-0.19999998807907104,0,0
1746298826.6883059,0.03824814036488533,0.013886426575481892,-3.0866518020629883,-0.1899999976158142,0,0
1746298826.869197,0.03827989473938942,0.013876665383577347,-3.086742639541626,-0.19999998807907104,0,0
1746298827.029451,0.038264986127614975,0.013903181068599224,-3.086848735809326,-0.19999998807907104,0,0
1746298827.1942487,0.038388341665267944,0.013974756002426147,-3.08697509765625,-0.19999998807907104,0,0
1746298827.370818,0.03842155262827873,0.013999516144394875,-3.0870444774627686,-0.19999998807907104,0,0
1746298827.5445771,0.0383882038295269,0.013997641392052174,-3.0871286392211914,-0.1899999976158142,0,0
1746298827.7212567,0.038402579724788666,0.014031032100319862,-3.0875368118286133,-0.1899999976158142,0,0
1746298827.8924174,0.0384313203394413,0.014048994518816471,-3.087620735168457,-0.19999998807907104,0,0
1746298828.0466824,0.038455694913864136,0.014039226807653904,-3.0877256393432617,-0.19999998807907104,0,0
1746298828.2240865,0.03836900368332863,0.013944704085588455,-3.0879509449005127,-0.19999998807907104,0,0
1746298828.4074888,0.03835681080818176,0.014034554362297058,-3.087996482849121,-0.19999998807907104,0,0
1746298828.5924802,0.03847729042172432,0.014105277135968208,-3.088170051574707,-0.19999998807907104,0,0
1746298828.7862608,0.03849970921874046,0.014101099222898483,-3.088513135910034,-0.19999998807907104,0,0
1746298828.9690619,0.038549985736608505,0.014042195864021778,-3.0885486602783203,-0.19999998807907104,0,0
1746298829.1387208,0.0386190228164196,0.014018189162015915,-3.0886380672454834,-0.19999998807907104,0,0
1746298829.313202,0.03887559846043587,0.014068198390305042,-3.0888240337371826,-0.19999998807907104,0,0
1746298829.498349,0.03896453231573105,0.01405936200171709,-3.08894681930542,-0.19999998807907104,0,0
1746298829.6526754,0.03904328495264053,0.01412815973162651,-3.089089870452881,-0.19999998807907104,0,0
1746298829.8016398,0.038874551653862,0.014213361777365208,-3.089350700378418,-0.19999998807907104,0,0
1746298829.9462628,0.038800131529569626,0.014283981174230576,-3.089491605758667,-0.19999998807907104,0,0
1746298830.1168206,0.03872570022940636,0.014369367621839046,-3.0896308422088623,-0.19999998807907104,0,0
1746298830.2884285,0.03909407556056976,0.014241619035601616,-3.0899875164031982,-0.1899999976158142,0,0
1746298830.443867,0.039000943303108215,0.014267735183238983,-3.090097188949585,-0.20999999344348907,0,0
1746298830.6159098,0.038888685405254364,0.01425690483301878,-3.090177297592163,-0.19999998807907104,0,0
1746298830.788473,0.0389949269592762,0.014269978739321232,-3.0902516841888428,-0.19999998807907104,0,0
1746298830.9520795,0.03909876197576523,0.014262653887271881,-3.0903141498565674,-0.19999998807907104,0,0
1746298831.132076,0.03908461332321167,0.014267724938690662,-3.090407609939575,-0.19999998807907104,0,0
1746298831.307841,0.03905825689435005,0.014326765201985836,-3.0904974937438965,-0.19999998807907104,0,0
1746298831.4746034,0.039009518921375275,0.014409266412258148,-3.0906686782836914,-0.19999998807907104,0,0
1746298831.6432858,0.03876968100667,0.014468944631516933,-3.0909533500671387,-0.19999998807907104,0,0
1746298831.8193233,0.038780342787504196,0.01443876326084137,-3.091010808944702,-0.19999998807907104,0,0
1746298831.9932654,0.03879356011748314,0.014359017834067345,-3.0911076068878174,-0.19999998807907104,0,0
1746298832.1633162,0.03876224905252457,0.014359571039676666,-3.091132879257202,-0.19999998807907104,0,0
1746298832.3247063,0.038712482899427414,0.01433384045958519,-3.091222047805786,-0.19999998807907104,0,0
1746298832.4967353,0.038674600422382355,0.014336333610117435,-3.091376781463623,-0.1899999976158142,0,0
1746298832.6695893,0.03873620554804802,0.014360426925122738,-3.0914487838745117,-0.19999998807907104,0,0
1746298832.8470223,0.03879142925143242,0.014336935244500637,-3.091540575027466,-0.19999998807907104,0,0
1746298833.0388815,0.03873120993375778,0.01442263089120388,-3.0918097496032715,-0.19999998807907104,0,0
1746298833.213944,0.038715239614248276,0.014457287266850471,-3.0918517112731934,-0.19999998807907104,0,0
1746298833.3811784,0.0389581173658371,0.014427177608013153,-3.0923705101013184,-0.19999998807907104,0,0
1746298833.5459285,0.03890085965394974,0.0144219184294343,-3.0924456119537354,-0.19999998807907104,0,0
1746298833.7278566,0.038859862834215164,0.014402175322175026,-3.0924713611602783,-0.19999998807907104,0,0
1746298833.9051244,0.03877208009362221,0.01441425271332264,-3.092740774154663,-0.19999998807907104,0,0
1746298834.0908544,0.038655880838632584,0.014378970488905907,-3.0928783416748047,-0.19999998807907104,0,0
1746298834.2538245,0.03860154375433922,0.014452902600169182,-3.092998743057251,-0.19999998807907104,0,0
1746298834.4412532,0.03862299025058746,0.01447542104870081,-3.0930557250976562,-0.19999998807907104,0,0
1746298834.615371,0.03842135891318321,0.014508451335132122,-3.093348264694214,-0.19999998807907104,0,0
1746298834.7754374,0.038375068455934525,0.014604291878640652,-3.093358039855957,-0.19999998807907104,0,0
1746298834.9299948,0.03839724510908127,0.014618007466197014,-3.0934226512908936,-0.19999998807907104,0,0
1746298835.10619,0.03839576989412308,0.014576331712305546,-3.093475818634033,-0.19999998807907104,0,0
1746298835.2792044,0.038418352603912354,0.014592009596526623,-3.0935423374176025,-0.19999998807907104,0,0
1746298835.4640305,0.03844102472066879,0.014593813568353653,-3.0935587882995605,-0.19999998807907104,0,0
1746298835.650105,0.03831315040588379,0.014537550508975983,-3.0936617851257324,-0.19999998807907104,0,0
1746298835.815587,0.03835245594382286,0.014557598158717155,-3.0936734676361084,-0.19999998807907104,0,0
1746298836.010405,0.03831223398447037,0.014570184983313084,-3.0936920642852783,-0.19999998807907104,0,0
1746298836.1596963,0.03833009675145149,0.014797995798289776,-3.0940685272216797,-0.19999998807907104,0,0
1746298836.3477137,0.03839334845542908,0.014770767651498318,-3.0941715240478516,-0.19999998807907104,0,0
1746298836.5283074,0.0383734367787838,0.014821824617683887,-3.094248056411743,-0.19999998807907104,0,0
1746298836.699114,0.03859851509332657,0.014774139039218426,-3.094357967376709,-0.19999998807907104,0,0
1746298836.862539,0.03856411203742027,0.014769596047699451,-3.0944366455078125,-0.19999998807907104,0,0
1746298837.0097764,0.03848697617650032,0.014751988463103771,-3.094514846801758,-0.19999998807907104,0,0
1746298837.1679277,0.038412440568208694,0.014786220155656338,-3.0945639610290527,-0.19999998807907104,0,0
1746298837.3720098,0.03834383189678192,0.014861499890685081,-3.0945611000061035,-0.19999998807907104,0,0
1746298837.5444648,0.03828488290309906,0.014886858873069286,-3.094571113586426,-0.19999998807907104,0,0
1746298837.7222006,0.03829469531774521,0.01470969058573246,-3.0946848392486572,-0.19999998807907104,0,0
1746298837.925374,0.03830479085445404,0.014674722217023373,-3.094735622406006,-0.19999998807907104,0,0
1746298838.092155,0.038301020860672,0.014727510511875153,-3.0947561264038086,-0.19999998807907104,0,0
1746298838.2534468,0.0380173996090889,0.014562064781785011,-3.0948421955108643,-0.19999998807907104,0,0
1746298838.4409833,0.03800082579255104,0.014532470144331455,-3.0948355197906494,-0.19999998807907104,0,0
1746298838.6037889,0.03800976648926735,0.014466267079114914,-3.094816207885742,-0.19999998807907104,0,0
1746298838.7790306,0.03795814514160156,0.014473133720457554,-3.094970703125,-0.19999998807907104,0,0
1746298838.945712,0.037891119718551636,0.014456578530371189,-3.095041513442993,-0.19999998807907104,0,0
1746298839.1244168,0.03788524866104126,0.014412103220820427,-3.0950257778167725,-0.19999998807907104,0,0
1746298839.2940912,0.03768813982605934,0.014380763284862041,-3.0948705673217773,-0.19999998807907104,0,0
1746298839.460159,0.037630725651979446,0.014418104663491249,-3.0948290824890137,-0.19999998807907104,0,0
1746298839.6383936,0.03756030648946762,0.014431320130825043,-3.0948266983032227,-0.19999998807907104,0,0
1746298839.815045,0.037512633949518204,0.014492773450911045,-3.09484601020813,-0.19999998807907104,0,0
1746298839.9885387,0.03737280145287514,0.014550180174410343,-3.0947906970977783,-0.19999998807907104,0,0
1746298840.1581159,0.03730596601963043,0.01457134261727333,-3.094776153564453,-0.19999998807907104,0,0
1746298840.3310778,0.03731108084321022,0.014614654704928398,-3.09470272064209,-0.19999998807907104,0,0
1746298840.5074167,0.03737105801701546,0.014605510048568249,-3.0946738719940186,-0.19999998807907104,0,0
1746298840.687202,0.03740788623690605,0.014536497183144093,-3.0946855545043945,-0.19999998807907104,0,0
1746298840.8783514,0.03739538788795471,0.014452665112912655,-3.0947048664093018,-0.19999998807907104,0,0
1746298841.0703802,0.037357062101364136,0.014458438381552696,-3.094689130783081,-0.19999998807907104,0,0
1746298841.2343905,0.03729718178510666,0.01445842906832695,-3.0946590900421143,-0.19999998807907104,0,0
1746298841.410057,0.03718193992972374,0.014461942948400974,-3.09452748298645,-0.19999998807907104,0,0
1746298841.584983,0.03723825514316559,0.014473717659711838,-3.0944817066192627,-0.19999998807907104,0,0
1746298841.7487278,0.03730641305446625,0.014461807906627655,-3.094385862350464,-0.19999998807907104,0,0
1746298841.9151127,0.037274084985256195,0.014474835246801376,-3.0943660736083984,-0.19999998807907104,0,0
1746298842.0922573,0.03713865578174591,0.014371141791343689,-3.094280958175659,-0.19999998807907104,0,0
1746298842.259827,0.03715159371495247,0.014336048625409603,-3.0943007469177246,-0.19999998807907104,0,0
1746298842.4279141,0.0371912382543087,0.014339659363031387,-3.0942304134368896,-0.19999998807907104,0,0
1746298842.5962386,0.03711964562535286,0.014475496485829353,-3.0939271450042725,-0.19999998807907104,0,0
1746298842.7662833,0.037190038710832596,0.014466949738562107,-3.0938825607299805,-0.19999998807907104,0,0
1746298842.9387403,0.03728553280234337,0.0145466523244977,-3.0938830375671387,-0.19999998807907104,0,0
1746298843.091666,0.03747833892703056,0.014611068181693554,-3.0934369564056396,-0.19999998807907104,0,0
1746298843.2717805,0.037602201104164124,0.01455716509371996,-3.0933244228363037,-0.19999998807907104,0,0
1746298843.434656,0.03758464753627777,0.014509037137031555,-3.093275308609009,-0.19999998807907104,0,0
1746298843.5989547,0.037450265139341354,0.014427602291107178,-3.092881202697754,-0.19999998807907104,0,0
1746298843.7631693,0.037438489496707916,0.01441209577023983,-3.092695951461792,-0.19999998807907104,0,0
1746298843.9227834,0.03745588660240173,0.014361047185957432,-3.092632532119751,-0.19999998807907104,0,0
1746298844.0985122,0.03760518878698349,0.01433240994811058,-3.0925238132476807,-0.19999998807907104,0,0
1746298844.2783809,0.03771542012691498,0.01431051455438137,-3.092508554458618,-0.19999998807907104,0,0
1746298844.4461107,0.03760967031121254,0.014303559437394142,-3.0924477577209473,-0.19999998807907104,0,0
1746298844.6263762,0.03727145865559578,0.014244414865970612,-3.0920450687408447,-0.19999998807907104,0,0
1746298844.8066106,0.0372144877910614,0.014314278960227966,-3.091902494430542,-0.19999998807907104,0,0
1746298844.97892,0.03718360513448715,0.014353691600263119,-3.091804265975952,-0.19999998807907104,0,0
1746298845.1585376,0.03700898960232735,0.01439286395907402,-3.0916261672973633,-0.19999998807907104,0,0
1746298845.348239,0.036948349326848984,0.014462360180914402,-3.091491222381592,-0.19999998807907104,0,0
1746298845.5105252,0.03695709630846977,0.014475886709988117,-3.0913658142089844,-0.19999998807907104,0,0
1746298845.685928,0.0372220054268837,0.01435913611203432,-3.091000556945801,-0.19999998807907104,0,0
1746298845.868275,0.0372840091586113,0.014329208061099052,-3.090886354446411,-0.19999998807907104,0,0
1746298846.0437508,0.037354789674282074,0.014264194294810295,-3.090810537338257,-0.19999998807907104,0,0
1746298846.2423956,0.03717261552810669,0.01405548769980669,-3.0906922817230225,-0.19999998807907104,0,0
1746298846.4164464,0.03718554228544235,0.01403050310909748,-3.090555429458618,-0.19999998807907104,0,0
1746298846.5768769,0.037198007106781006,0.014029761776328087,-3.0904667377471924,-0.19999998807907104,0,0
1746298846.7448008,0.03727937489748001,0.014103219844400883,-3.090178966522217,-0.19999998807907104,0,0
1746298846.9396162,0.03729894012212753,0.013943822123110294,-3.0900373458862305,-0.19999998807907104,0,0
1746298847.1054842,0.03727554902434349,0.013944458216428757,-3.089998245239258,-0.19999998807907104,0,0
1746298847.2801292,0.03727952390909195,0.014082448557019234,-3.089661121368408,-0.19999998807907104,0,0
1746298847.4492972,0.03724784031510353,0.014090456068515778,-3.0895602703094482,-0.19999998807907104,0,0
1746298847.615249,0.03715546056628227,0.014109378680586815,-3.089416742324829,-0.19999998807907104,0,0
1746298847.784304,0.03700168430805206,0.014011838473379612,-3.0888831615448,-0.19999998807907104,0,0
1746298847.9567976,0.03690306842327118,0.013991468586027622,-3.0887017250061035,-0.19999998807907104,0,0
1746298848.1362214,0.03687011078000069,0.013997230678796768,-3.0885987281799316,-0.19999998807907104,0,0
1746298848.313709,0.036974210292100906,0.014002862386405468,-3.0884809494018555,-0.19999998807907104,0,0
1746298848.4817872,0.03727324306964874,0.014192027039825916,-3.088136911392212,-0.19999998807907104,0,0
1746298848.641337,0.03738567978143692,0.014285456389188766,-3.087979555130005,-0.19999998807907104,0,0
1746298848.806296,0.03745857626199722,0.014387737028300762,-3.087887763977051,-0.19999998807907104,0,0
1746298849.0030322,0.037455566227436066,0.014389521442353725,-3.0877649784088135,-0.19999998807907104,0,0
1746298849.189151,0.03741047531366348,0.014306492172181606,-3.0875401496887207,-0.19999998807907104,0,0
1746298849.3632712,0.03736008703708649,0.014310330152511597,-3.087472677230835,-0.19999998807907104,0,0
1746298849.5400395,0.03724880516529083,0.014352334663271904,-3.0874290466308594,-0.19999998807907104,0,0
1746298849.7094285,0.03718883916735649,0.014379549771547318,-3.087357997894287,-0.19999998807907104,0,0
1746298849.8795483,0.03718281909823418,0.014358697459101677,-3.0870511531829834,-0.19999998807907104,0,0
1746298850.0452182,0.03710482642054558,0.014301441609859467,-3.086874008178711,-0.19999998807907104,0,0
1746298850.2265227,0.0370582714676857,0.014222536236047745,-3.086732864379883,-0.19999998807907104,0,0
1746298850.397044,0.03709238022565842,0.014177393168210983,-3.086618423461914,-0.19999998807907104,0,0
1746298850.5672376,0.0370502732694149,0.013992777094244957,-3.086345672607422,-0.19999998807907104,0,0
1746298850.7255285,0.037126701325178146,0.013915356248617172,-3.0862679481506348,-0.19999998807907104,0,0
1746298850.9042013,0.03721314296126366,0.013930202461779118,-3.0861051082611084,-0.19999998807907104,0,0
1746298851.0758603,0.03751649707555771,0.013936924748122692,-3.0853514671325684,-0.19999998807907104,0,0
1746298851.2455983,0.03759250044822693,0.013772682286798954,-3.0852653980255127,-0.19999998807907104,0,0
1746298851.4201496,0.037686675786972046,0.013742865063250065,-3.0850932598114014,-0.19999998807907104,0,0
1746298851.5843968,0.03782578557729721,0.013683822005987167,-3.0843021869659424,-0.19999998807907104,0,0
1746298851.7610526,0.037837158888578415,0.013632835820317268,-3.084263563156128,-0.19999998807907104,0,0
1746298851.9549158,0.03779103234410286,0.013704375363886356,-3.08417010307312,-0.19999998807907104,0,0
1746298852.1229854,0.03780413419008255,0.013529920019209385,-3.0833330154418945,-0.19999998807907104,0,0
1746298852.295423,0.03795724734663963,0.01355550717562437,-3.083146095275879,-0.19999998807907104,0,0
1746298852.4654286,0.03801990672945976,0.013597534969449043,-3.082932710647583,-0.19999998807907104,0,0
1746298852.6495156,0.038034990429878235,0.013481811620295048,-3.0825183391571045,-0.19999998807907104,0,0
1746298852.8347828,0.038013260811567307,0.013412577100098133,-3.082284450531006,-0.19999998807907104,0,0
1746298853.0084195,0.03802336007356644,0.013393759727478027,-3.0821406841278076,-0.19999998807907104,0,0
1746298853.1884894,0.038063645362854004,0.013433621264994144,-3.081557035446167,-0.19999998807907104,0,0
1746298853.3625152,0.03806208074092865,0.013519172556698322,-3.0814123153686523,-0.19999998807907104,0,0
1746298853.5410147,0.03808272257447243,0.013582286424934864,-3.081259250640869,-0.19999998807907104,0,0
1746298853.7121363,0.038279496133327484,0.013643630780279636,-3.080888509750366,-0.19999998807907104,0,0
1746298853.8773901,0.03846004232764244,0.013709712773561478,-3.0806102752685547,-0.19999998807907104,0,0
1746298854.0406275,0.03848157823085785,0.013760610483586788,-3.080425500869751,-0.19999998807907104,0,0
1746298854.2050672,0.03823685273528099,0.01396255474537611,-3.079890012741089,-0.19999998807907104,0,0
1746298854.3790908,0.03815804421901703,0.013952953740954399,-3.079822540283203,-0.19999998807907104,0,0
1746298854.5430667,0.038080040365457535,0.013902055099606514,-3.0797441005706787,-0.19999998807907104,0,0
1746298854.714466,0.03779367730021477,0.01387789100408554,-3.0792365074157715,-0.19999998807907104,0,0
1746298854.8948534,0.037813298404216766,0.013926773332059383,-3.07906436920166,-0.19999998807907104,0,0
1746298855.07156,0.03783680871129036,0.013995260000228882,-3.078871011734009,-0.19999998807907104,0,0
1746298855.2413306,0.03786516934633255,0.01392391324043274,-3.0783395767211914,-0.19999998807907104,0,0
1746298855.435424,0.037871021777391434,0.013889361172914505,-3.078249216079712,-0.19999998807907104,0,0
1746298855.615174,0.037904996424913406,0.013905440457165241,-3.078153610229492,-0.20999999344348907,0,0
1746298855.7928023,0.03791646659374237,0.013955100439488888,-3.0775554180145264,-0.19999998807907104,0,0
1746298856.0020747,0.03799412399530411,0.01389981247484684,-3.0773861408233643,-0.1899999976158142,0,0
1746298856.1617968,0.038100820034742355,0.013887336477637291,-3.077188730239868,-0.19999998807907104,0,0
1746298856.3429031,0.0382160022854805,0.013871772214770317,-3.0767295360565186,-0.19999998807907104,0,0
1746298856.5191271,0.0382496677339077,0.01390773430466652,-3.076624631881714,-0.19999998807907104,0,0
1746298856.6872225,0.03829168900847435,0.01391050685197115,-3.0764715671539307,-0.19999998807907104,0,0
1746298856.835913,0.038061436265707016,0.013967437669634819,-3.075948715209961,-0.19999998807907104,0,0
1746298856.9997332,0.03797923028469086,0.013932561501860619,-3.075854778289795,-0.19999998807907104,0,0
1746298857.17403,0.037869252264499664,0.013890858739614487,-3.075768232345581,-0.19999998807907104,0,0
1746298857.3469603,0.03783627599477768,0.013938096351921558,-3.075587272644043,-0.19999998807907104,0,0
1746298857.5108724,0.03784428909420967,0.014009159058332443,-3.075381278991699,-0.19999998807907104,0,0
1746298857.679305,0.03782226890325546,0.013937448151409626,-3.0750956535339355,-0.19999998807907104,0,0
1746298857.8613117,0.0378149077296257,0.013928226195275784,-3.074930191040039,-0.19999998807907104,0,0
1746298858.0187812,0.037857238203287125,0.013903722167015076,-3.074754238128662,-0.19999998807907104,0,0
1746298858.1908371,0.03788018971681595,0.013894516043365002,-3.074559211730957,-0.19999998807907104,0,0
1746298858.3677347,0.03787974640727043,0.013790208846330643,-3.074075698852539,-0.19999998807907104,0,0
1746298858.535177,0.037825025618076324,0.01389891654253006,-3.073885202407837,-0.19999998807907104,0,0
1746298858.7119179,0.037849344313144684,0.013946500606834888,-3.073732376098633,-0.19999998807907104,0,0
1746298858.876224,0.03788132220506668,0.013952531851828098,-3.073556661605835,-0.19999998807907104,0,0
1746298859.0491168,0.03814225271344185,0.013887735083699226,-3.0732717514038086,-0.19999998807907104,0,0
1746298859.2184687,0.03820030018687248,0.013964490965008736,-3.07311749458313,-0.19999998807907104,0,0
1746298859.3899648,0.038230352103710175,0.014026124961674213,-3.07289981842041,-0.19999998807907104,0,0
1746298859.551763,0.03820984810590744,0.013925066217780113,-3.0726380348205566,-0.19999998807907104,0,0
1746298859.7280407,0.0379796102643013,0.01372562162578106,-3.0716705322265625,-0.19999998807907104,0,0
1746298859.9068887,0.03802355378866196,0.013756933622062206,-3.0715279579162598,-0.19999998807907104,0,0
1746298860.0816855,0.03801150619983673,0.013753456994891167,-3.0713179111480713,-0.19999998807907104,0,0
1746298860.2446363,0.0377071313560009,0.01367996260523796,-3.07025146484375,-0.19999998807907104,0,0
1746298860.4402726,0.0377286933362484,0.013739241287112236,-3.0700621604919434,-0.19999998807907104,0,0
1746298860.6314495,0.03781178966164589,0.013827328570187092,-3.0698676109313965,-0.19999998807907104,0,0
1746298860.810849,0.03782401978969574,0.013926687650382519,-3.068824291229248,-0.19999998807907104,0,0
1746298860.9663131,0.037732962518930435,0.013881794176995754,-3.0686230659484863,-0.19999998807907104,0,0
1746298861.1367369,0.037721406668424606,0.013868384063243866,-3.068476676940918,-0.19999998807907104,0,0
1746298861.318361,0.037683334201574326,0.013883293606340885,-3.0677826404571533,-0.19999998807907104,0,0
1746298861.4925058,0.037619467824697495,0.013861874118447304,-3.06760311126709,-0.19999998807907104,0,0
1746298861.6582885,0.037597525864839554,0.013889234513044357,-3.0673930644989014,-0.19999998807907104,0,0
1746298861.8393705,0.03732254356145859,0.014031099155545235,-3.066697359085083,-0.19999998807907104,0,0
1746298862.0052824,0.03713546693325043,0.013973736204206944,-3.066498041152954,-0.19999998807907104,0,0
1746298862.1777194,0.037006083875894547,0.013968376442790031,-3.0662529468536377,-0.19999998807907104,0,0
1746298862.3459287,0.03703729063272476,0.013980796560645103,-3.0660080909729004,-0.19999998807907104,0,0
1746298862.5199635,0.037172503769397736,0.013999814167618752,-3.0655407905578613,-0.19999998807907104,0,0
1746298862.6990976,0.037201907485723495,0.01405859924852848,-3.065324068069458,-0.19999998807907104,0,0
1746298862.869099,0.03716611862182617,0.014108333736658096,-3.065107583999634,-0.19999998807907104,0,0
1746298863.0267868,0.03714709356427193,0.014205009676516056,-3.0649144649505615,-0.1899999976158142,0,0
1746298863.2000577,0.03686612844467163,0.014168077148497105,-3.064587354660034,-0.19999998807907104,0,0
1746298863.367792,0.03682967647910118,0.014111967757344246,-3.06437087059021,-0.19999998807907104,0,0
1746298863.5316148,0.03682659566402435,0.014085383154451847,-3.064168930053711,-0.19999998807907104,0,0
1746298863.688148,0.0369291827082634,0.0139987887814641,-3.0639050006866455,-0.19999998807907104,0,0
1746298863.857306,0.036936502903699875,0.013949190266430378,-3.0633997917175293,-0.19999998807907104,0,0
1746298864.057933,0.03686421364545822,0.013967248611152172,-3.063201904296875,-0.19999998807907104,0,0
1746298864.2265952,0.036865249276161194,0.014011913910508156,-3.0629916191101074,-0.19999998807907104,0,0
1746298864.394747,0.03687400743365288,0.01405450701713562,-3.0627827644348145,-0.19999998807907104,0,0
1746298864.5663598,0.03679698705673218,0.014119570143520832,-3.0618553161621094,-0.1899999976158142,0,0
1746298864.7394717,0.0368155762553215,0.01411049161106348,-3.061619758605957,-0.19999998807907104,0,0
1746298864.9271803,0.03686843812465668,0.01409601978957653,-3.061359167098999,-0.19999998807907104,0,0
1746298865.1018538,0.03718431293964386,0.014045474119484425,-3.060546875,-0.19999998807907104,0,0
1746298865.2709062,0.03727307170629501,0.014094537124037743,-3.060325860977173,-0.19999998807907104,0,0
1746298865.4337533,0.037292949855327606,0.014122986234724522,-3.0600967407226562,-0.19999998807907104,0,0
1746298865.6117182,0.03730515390634537,0.014344328083097935,-3.059124231338501,-0.19999998807907104,0,0
1746298865.7807117,0.037316303700208664,0.014252685941755772,-3.0589699745178223,-0.19999998807907104,0,0
1746298865.9412892,0.037311263382434845,0.014231187291443348,-3.058774948120117,-0.19999998807907104,0,0
1746298866.1146219,0.03771065175533295,0.014195326715707779,-3.057771921157837,-0.19999998807907104,0,0
